elapsed,observedDay,guest,room,state,checkedIn,HasReachedRoom,bodyRoot,bodyVisible,receiptPosted,position,path,destination
"1","1","stay-1-1","107","Arriving","False","False","True","True","False","(0.031, 0.010, -3.623)","Following authored route","Reception (0.6, 0.0, -0.7)"
"3","1","stay-1-2","108","Arriving","False","False","True","True","False","(0.031, 0.010, -3.623)","Following authored route","Reception (0.6, 0.0, -0.7)"
"5.199999","1","stay-1-3","109","Arriving","False","False","True","True","False","(0.031, 0.010, -3.624)","Following authored route","Reception (0.6, 0.0, -0.7)"
"7.199997","1","stay-1-4","110","Arriving","False","False","True","True","False","(0.031, 0.010, -3.622)","Following authored route","Reception (0.6, 0.0, -0.7)"
"7.199997","1","stay-1-1","107","WaitingForCheckIn","False","False","True","True","False","(-2.800, 0.010, 1.300)","At destination","Reception"
"9.199996","1","stay-1-5","101","Arriving","False","False","True","True","False","(0.031, 0.010, -3.623)","Following authored route","Reception (0.6, 0.0, -0.7)"
"9.999995","1","stay-1-2","108","WaitingForCheckIn","False","False","True","True","False","(-3.850, 0.010, 1.300)","At destination","Reception"
"11.19999","1","stay-1-6","103","Arriving","False","False","True","True","False","(0.031, 0.010, -3.623)","Following authored route","Reception (0.6, 0.0, -0.7)"
"12.59999","1","stay-1-1","107","GoingToRoom","True","False","True","True","False","(-2.800, 0.010, 1.209)","Following authored route","Room (-2.8, 0.0, 0.4)"
"12.79999","1","stay-1-3","109","WaitingForCheckIn","False","False","True","True","False","(-4.900, 0.010, 1.300)","At destination","Reception"
"13.19999","1","stay-1-7","104","Arriving","False","False","False","False","False","","NO_BODY",""
"14.19999","1","stay-1-7","104","Arriving","False","False","True","True","False","(0.031, 0.010, -3.623)","Following authored route","Reception (0.6, 0.0, -0.7)"
"15.19999","1","stay-1-8","105","Arriving","False","False","False","False","False","","NO_BODY",""
"15.59999","1","stay-1-4","110","WaitingForCheckIn","False","False","True","True","False","(-5.950, 0.010, 1.300)","At destination","Reception"
"17.8","1","stay-1-2","108","GoingToRoom","True","False","True","True","False","(-3.850, 0.010, 1.210)","Following authored route","Room (-3.9, 0.0, 0.4)"
"18.4","1","stay-1-5","101","WaitingForCheckIn","False","False","True","True","False","(-7.000, 0.010, 1.300)","At destination","Reception"
"20.40001","1","stay-1-8","105","Arriving","False","False","True","True","False","(0.031, 0.010, -3.623)","Following authored route","Reception (0.6, 0.0, -0.7)"
"21.20001","1","stay-1-6","103","WaitingForCheckIn","False","False","True","True","False","(-8.050, 0.010, 1.300)","At destination","Reception"
"21.20001","1","stay-1-7","104","WaitingForCheckIn","False","False","True","True","False","(-2.800, 0.010, 1.300)","At destination","Reception"
"23.00002","1","stay-1-3","109","GoingToRoom","True","False","True","True","False","(-4.900, 0.010, 1.119)","Following authored route","Room (-4.9, 0.0, 0.4)"
"27.40003","1","stay-1-8","105","WaitingForCheckIn","False","False","True","True","False","(-3.850, 0.010, 1.300)","At destination","Reception"
"28.20004","1","stay-1-4","110","GoingToRoom","True","False","True","True","False","(-5.950, 0.010, 1.121)","Following authored route","Room (-6.0, 0.0, 0.4)"
"33.40005","1","stay-1-5","101","GoingToRoom","True","False","True","True","False","(-7.000, 0.010, 1.120)","Following authored route","Room (-7.0, 0.0, 0.4)"
"38.60007","1","stay-1-6","103","GoingToRoom","True","False","True","True","False","(-8.050, 0.010, 1.209)","Following authored route","Room (-8.0, 0.0, 0.4)"
"43.80009","1","stay-1-7","104","GoingToRoom","True","False","True","True","False","(-2.800, 0.010, 1.210)","Following authored route","Room (-2.8, 0.0, 0.4)"
"49.00011","1","stay-1-8","105","GoingToRoom","True","False","True","True","False","(-3.850, 0.010, 1.208)","Following authored route","Room (-3.9, 0.0, 0.4)"
"55.20014","1","stay-1-5","101","InRoom","True","True","True","True","False","(-4.300, 0.010, 10.700)","At destination","Room"
"58.00015","1","stay-1-1","107","InRoom","True","True","True","True","False","(-4.300, 0.010, 46.700)","At destination","Room"
"60.20016","1","stay-1-5","101","PerformingActivity","True","True","True","True","False","(-7.019, 0.010, 8.400)","Following authored route","RadiatorAnchor (-4.2, 0.0, 8.4)"
"63.60017","1","stay-1-2","108","InRoom","True","True","True","True","False","(4.300, 0.010, 46.700)","At destination","Room"
"63.80017","1","stay-1-1","107","PerformingActivity","True","True","True","True","False","(-4.260, 0.010, 46.563)","Following authored route","RadiatorAnchor (-4.3, 0.0, 46.6)"
"66.40013","1","stay-1-6","103","InRoom","True","True","True","True","False","(-4.300, 0.010, 17.700)","At destination","Room"
"67.00012","1","stay-1-7","104","InRoom","True","True","True","True","False","(4.300, 0.010, 17.700)","At destination","Room"
"72.60004","1","stay-1-5","101","InRoom","True","True","True","True","False","(-8.000, 0.010, 9.200)","Settling at anchor","RestAnchor"
"75.2","1","stay-1-3","109","InRoom","True","True","True","True","False","(-4.300, 0.010, 53.700)","At destination","Room"
"77.59996","1","stay-1-1","107","InRoom","True","True","True","True","False","(-8.000, 0.010, 45.200)","Settling at anchor","RestAnchor"
"78.99994","1","stay-1-8","105","InRoom","True","True","True","True","False","(-4.300, 0.010, 24.700)","At destination","Room"
"80.39992","1","stay-1-4","110","InRoom","True","True","True","True","False","(4.300, 0.010, 53.700)","At destination","Room"
"84.19986","1","stay-1-8","105","PerformingActivity","True","True","True","True","False","(-4.264, 0.010, 24.499)","Following authored route","RadiatorAnchor (-4.3, 0.0, 24.5)"
"85.59984","1","stay-1-4","110","PerformingActivity","True","True","True","True","False","(4.201, 0.010, 53.315)","Following authored route","RadiatorAnchor (4.2, 0.0, 53.3)"
"87.9998","1","stay-1-2","108","PerformingActivity","True","True","True","True","False","(6.995, 0.010, 44.400)","Following authored route","UnpackAnchor (4.2, 0.0, 44.4)"
"92.79973","1","stay-1-5","101","PerformingActivity","True","True","True","True","False","(-7.020, 0.010, 8.400)","Following authored route","RoomPhoneAnchor (-4.2, 0.0, 8.4)"
"95.99968","1","stay-1-7","104","PerformingActivity","True","True","True","True","False","(7.011, 0.010, 15.400)","Following authored route","UnpackAnchor (4.2, 0.0, 15.4)"
"98.39964","1","stay-1-8","105","InRoom","True","True","True","True","False","(-8.000, 0.010, 23.200)","Settling at anchor","RestAnchor"
"102.3996","1","stay-1-3","109","PerformingActivity","True","True","True","True","False","(-7.010, 0.010, 51.400)","Following authored route","UnpackAnchor (-4.2, 0.0, 51.4)"
"104.1996","1","stay-1-4","110","InRoom","True","True","True","True","False","(8.000, 0.010, 54.200)","Settling at anchor","RestAnchor"
"105.7995","1","stay-1-6","103","PerformingActivity","True","True","True","True","False","(-7.020, 0.010, 15.400)","Following authored route","UnpackAnchor (-4.2, 0.0, 15.4)"
"106.9995","1","stay-1-1","107","PerformingActivity","True","True","True","True","False","(-7.019, 0.010, 44.400)","Following authored route","UnpackAnchor (-4.2, 0.0, 44.4)"
"111.3994","1","stay-1-2","108","InRoom","True","True","True","True","False","(4.570, 0.010, 44.400)","Following authored route","RestAnchor (4.2, 0.0, 44.4)"
"115.3994","1","stay-1-5","101","InRoom","True","True","True","True","False","(-4.571, 0.010, 8.400)","Following authored route","RestAnchor (-4.2, 0.0, 8.4)"
"115.5994","1","stay-1-4","110","PerformingActivity","True","True","True","True","False","(7.020, 0.010, 51.400)","Following authored route","RoomPhoneAnchor (4.2, 0.0, 51.4)"
"117.9993","1","stay-1-8","105","PerformingActivity","True","True","True","True","False","(-7.020, 0.010, 22.400)","Following authored route","RoomPhoneAnchor (-4.2, 0.0, 22.4)"
"132.3991","1","stay-1-5","101","PerformingActivity","True","True","True","True","False","(-7.020, 0.010, 8.400)","Following authored route","RoomPhoneAnchor (-4.2, 0.0, 8.4)"
"143.9989","1","stay-1-2","108","LeavingRoom","True","True","True","True","False","(7.021, 0.010, 44.400)","Following authored route","Away (4.2, 0.0, 44.4)"
"169.1986","1","stay-1-6","103","InRoom","True","True","True","True","False","(-4.571, 0.010, 15.400)","Following authored route","RestAnchor (-4.2, 0.0, 15.4)"
"173.3985","1","stay-1-7","104","InRoom","True","True","True","True","False","(4.657, 0.010, 15.400)","Following authored route","RestAnchor (4.2, 0.0, 15.4)"
"173.5985","1","stay-1-6","103","PerformingActivity","True","True","True","True","False","(-6.281, 0.010, 15.400)","Following authored route","RoomPhoneAnchor (-4.2, 0.0, 15.4)"
"176.3985","1","stay-1-4","110","InRoom","True","True","True","True","False","(4.571, 0.010, 51.400)","Following authored route","RestAnchor (4.2, 0.0, 51.4)"
"179.3984","1","stay-1-1","107","InRoom","True","True","True","True","False","(-4.570, 0.010, 44.400)","Following authored route","RestAnchor (-4.2, 0.0, 44.4)"
"179.5984","1","stay-1-1","107","PerformingActivity","True","True","True","True","False","(-4.389, 0.010, 44.400)","Following authored route","RoomPhoneAnchor (-4.2, 0.0, 44.4)"
"182.3984","1","stay-1-5","101","InRoom","True","True","True","True","False","(-4.569, 0.010, 8.400)","Following authored route","RestAnchor (-4.2, 0.0, 8.4)"
"185.3983","1","stay-1-6","103","InRoom","True","True","True","True","False","(-4.653, 0.010, 15.400)","Following authored route","RestAnchor (-4.2, 0.0, 15.4)"
"188.3983","1","stay-1-8","105","InRoom","True","True","True","True","False","(-4.569, 0.010, 22.400)","Following authored route","RestAnchor (-4.2, 0.0, 22.4)"
"188.5983","1","stay-1-8","105","PerformingActivity","True","True","True","True","False","(-4.390, 0.010, 22.400)","Following authored route","RoomPhoneAnchor (-4.2, 0.0, 22.4)"
"191.3982","1","stay-1-3","109","InRoom","True","True","True","True","False","(-4.658, 0.010, 51.400)","Following authored route","RestAnchor (-4.2, 0.0, 51.4)"
"191.5982","1","stay-1-3","109","PerformingActivity","True","True","True","True","False","(-4.478, 0.010, 51.400)","Following authored route","RoomPhoneAnchor (-4.2, 0.0, 51.4)"
"192.5982","1","stay-1-2","108","GuestAway","True","True","True","False","False","(0.000, 0.010, -3.800)","At destination","Away"
"192.7982","1","stay-1-7","104","PerformingActivity","True","True","True","True","False","(7.021, 0.010, 15.400)","Following authored route","DeskAnchor (4.2, 0.0, 15.4)"
"194.3982","1","stay-1-1","107","InRoom","True","True","True","True","False","(-4.662, 0.010, 44.400)","Following authored route","RestAnchor (-4.2, 0.0, 44.4)"
"194.5982","1","stay-1-6","103","PerformingActivity","True","True","True","True","False","(-7.021, 0.010, 15.400)","Following authored route","RoomPhoneAnchor (-4.2, 0.0, 15.4)"
"195.7982","1","stay-1-4","110","PerformingActivity","True","True","True","True","False","(7.021, 0.010, 51.400)","Following authored route","UnpackAnchor (4.2, 0.0, 51.4)"
"197.7981","1","stay-1-8","105","InRoom","True","True","True","True","False","(-4.659, 0.010, 22.400)","Following authored route","RestAnchor (-4.2, 0.0, 22.4)"
"200.9981","1","stay-1-3","109","InRoom","True","True","True","True","False","(-4.659, 0.010, 51.400)","Following authored route","RestAnchor (-4.2, 0.0, 51.4)"
"201.7981","1","stay-1-5","101","PerformingActivity","True","True","True","True","False","(-7.020, 0.010, 8.400)","Following authored route","UnpackAnchor (-4.2, 0.0, 8.4)"
"203.798","1","stay-1-7","104","CheckingOut","True","True","True","True","True","(5.150, 0.010, 19.450)","Activity at anchor","DeskAnchor"
"205.598","1","stay-1-6","103","InRoom","True","True","True","True","False","(-4.659, 0.010, 15.400)","Following authored route","RestAnchor (-4.2, 0.0, 15.4)"
"205.998","1","stay-1-7","104","Leaving","True","True","True","True","True","(5.121, 0.010, 19.600)","Following authored route","Exit (4.2, 0.0, 19.6)"
"212.5979","1","stay-1-5","101","CheckingOut","True","True","True","True","True","(-5.300, 0.010, 7.900)","Activity at anchor","UnpackAnchor"
"214.7979","1","stay-1-5","101","Leaving","True","True","True","True","True","(-5.300, 0.010, 8.079)","Following authored route","Exit (-5.3, 0.0, 8.4)"
"215.7979","1","stay-1-6","103","CheckingOut","True","True","True","True","True","(-7.200, 0.010, 15.400)","Activity at anchor","RestAnchor"
"217.3978","1","stay-1-8","105","PerformingActivity","True","True","True","True","False","(-7.020, 0.010, 22.400)","Following authored route","UnpackAnchor (-4.2, 0.0, 22.4)"
"217.9978","1","stay-1-6","103","Leaving","True","True","True","True","True","(-7.021, 0.010, 15.400)","Following authored route","Exit (-4.2, 0.0, 15.4)"
"220.7978","1","stay-1-3","109","PerformingActivity","True","True","True","True","False","(-7.021, 0.010, 51.400)","Following authored route","DeskAnchor (-4.2, 0.0, 51.4)"
"224.1977","1","stay-1-4","110","InRoom","True","True","True","True","False","(5.300, 0.010, 51.080)","Following authored route","RestAnchor (5.3, 0.0, 51.4)"
"231.3976","1","stay-1-3","109","CheckingOut","True","True","True","True","True","(-5.150, 0.010, 55.450)","Activity at anchor","DeskAnchor"
"232.1976","1","stay-1-7","104","Left","True","True","False","False","True","","NO_BODY",""
"233.5976","1","stay-1-3","109","Leaving","True","True","True","True","True","(-5.120, 0.010, 55.600)","Following authored route","Exit (-4.2, 0.0, 55.6)"
"233.9976","1","stay-1-1","107","LeavingRoom","True","True","True","True","False","(-7.021, 0.010, 44.400)","Following authored route","Away (-4.2, 0.0, 44.4)"
"234.5976","1","stay-1-5","101","Left","True","True","False","False","True","","NO_BODY",""
"249.3973","1","stay-1-6","103","Left","True","True","False","False","True","","NO_BODY",""
"251.9973","1","stay-1-4","110","LeavingRoom","True","True","True","True","False","(7.019, 0.010, 51.400)","Following authored route","Away (4.2, 0.0, 51.4)"
"252.5973","1","stay-1-8","105","InRoom","True","True","True","True","False","(-5.300, 0.010, 22.090)","Following authored route","RestAnchor (-5.3, 0.0, 22.4)"
"270.3981","1","stay-1-8","105","CheckingOut","True","True","True","True","True","(-7.200, 0.010, 22.400)","Activity at anchor","RestAnchor"
"272.3982","1","stay-1-8","105","Leaving","True","True","True","True","True","(-7.019, 0.010, 22.400)","Following authored route","Exit (-4.2, 0.0, 22.4)"
"293.3995","1","stay-1-3","109","Left","True","True","False","False","True","","NO_BODY",""
"294.1996","1","stay-1-1","107","GuestAway","True","True","True","False","False","(0.000, 0.010, -3.800)","At destination","Away"
"305.6003","1","stay-1-4","110","GuestAway","True","True","True","False","False","(0.000, 0.010, -3.800)","At destination","Away"
"311.0006","1","stay-1-8","105","Left","True","True","False","False","True","","NO_BODY",""
"332.6019","1","stay-1-1","107","ReturningToRoom","True","True","True","True","False","(0.031, 0.010, -3.623)","Following authored route","Return (0.6, 0.0, -0.7)"
"333.2019","1","stay-1-4","110","ReturningToRoom","True","True","True","True","False","(0.153, 0.010, -3.796)","Yielding to a person / cart","Return (0.6, 0.0, -0.7)"
"337.6022","1","stay-1-2","108","ReturningToRoom","True","True","True","True","False","(0.031, 0.010, -3.622)","Following authored route","Return (0.6, 0.0, -0.7)"
"377.8047","1","stay-1-1","107","InRoom","True","True","True","True","False","(-4.300, 0.010, 46.700)","At destination","Return"
"381.8049","1","stay-1-2","108","InRoom","True","True","True","True","False","(4.300, 0.010, 46.700)","At destination","Return"
"382.805","1","stay-1-4","110","InRoom","True","True","True","True","False","(4.300, 0.010, 53.700)","At destination","Return"
"396.2058","1","stay-1-2","108","PerformingActivity","True","True","True","True","False","(7.020, 0.010, 44.400)","Following authored route","ShowerAnchor (4.2, 0.0, 44.4)"
"397.2058","1","stay-1-4","110","PerformingActivity","True","True","True","True","False","(7.019, 0.010, 51.400)","Following authored route","PhoneAnchor (4.2, 0.0, 51.4)"
"399.206","1","stay-1-1","107","PerformingActivity","True","True","True","True","False","(-7.019, 0.010, 44.400)","Following authored route","Radio / RestAnchor (-4.2, 0.0, 44.4)"
"410.0066","1","stay-1-2","108","PerformingActivity","True","True","True","False","False","(8.650, 0.010, 48.450)","Activity at anchor","ShowerAnchor"
"414.4069","1","stay-1-1","107","CheckingOut","True","True","True","True","True","(-7.200, 0.010, 44.400)","Activity at anchor","Radio / RestAnchor"
"416.407","1","stay-1-1","107","Leaving","True","True","True","True","True","(-7.021, 0.010, 44.400)","Following authored route","Exit (-4.2, 0.0, 44.4)"
"427.4077","1","stay-1-4","110","InRoom","True","True","True","True","False","(4.570, 0.010, 51.400)","Following authored route","RestAnchor (4.2, 0.0, 51.4)"
"444.2087","1","stay-1-2","108","PerformingActivity","True","True","True","True","False","(8.619, 0.010, 48.600)","Following authored route","Radio / RestAnchor (4.2, 0.0, 48.6)"
"446.8089","1","stay-1-4","110","Sleeping","True","True","True","True","False","(7.020, 0.010, 51.400)","Following authored route","BedAnchor (4.2, 0.0, 51.4)"
"455.8094","1","stay-1-2","108","Sleeping","True","True","True","True","False","(7.019, 0.010, 44.400)","Following authored route","BedAnchor (4.2, 0.0, 44.4)"
"464.0099","1","stay-1-1","107","Left","True","True","False","False","True","","NO_BODY",""
"712.025","2","stay-1-2","108","PerformingActivity","True","True","True","True","False","(5.000, 0.010, 45.367)","Following authored route","ShowerAnchor (5.0, 0.0, 45.4)"
"730.2261","2","stay-1-2","108","PerformingActivity","True","True","True","False","False","(8.650, 0.010, 48.450)","Activity at anchor","ShowerAnchor"
"732.4263","2","stay-1-4","110","PerformingActivity","True","True","True","True","False","(5.000, 0.010, 52.490)","Following authored route","ShowerAnchor (5.0, 0.0, 52.5)"
"758.0278","2","stay-1-2","108","InRoom","True","True","True","True","False","(8.620, 0.010, 48.600)","Following authored route","RestAnchor (4.2, 0.0, 48.6)"
"758.0278","2","stay-1-4","110","PerformingActivity","True","True","True","False","False","(8.650, 0.010, 55.450)","Activity at anchor","ShowerAnchor"
"764.0282","2","stay-1-4","110","PerformingActivity","True","True","True","True","False","(8.620, 0.010, 55.600)","Following authored route","UnpackAnchor (4.2, 0.0, 55.6)"
"769.2285","2","stay-1-2","108","PerformingActivity","True","True","True","True","False","(7.019, 0.010, 44.400)","Following authored route","UnpackAnchor (4.2, 0.0, 44.4)"
"780.0292","2","stay-1-2","108","CheckingOut","True","True","True","True","True","(5.300, 0.010, 43.900)","Activity at anchor","UnpackAnchor"
"780.0292","2","stay-1-4","110","CheckingOut","True","True","True","True","True","(5.300, 0.010, 50.900)","Settling at anchor","UnpackAnchor"
"782.0293","2","stay-1-2","108","Leaving","True","True","True","True","True","(5.300, 0.010, 44.079)","Following authored route","Exit (5.3, 0.0, 44.4)"
"782.0293","2","stay-1-4","110","Leaving","True","True","True","True","True","(5.300, 0.010, 51.079)","Following authored route","Exit (5.3, 0.0, 51.4)"
"829.4322","2","stay-1-2","108","Left","True","True","False","False","True","","NO_BODY",""
"841.8329","2","stay-1-4","110","Left","True","True","False","False","True","","NO_BODY",""
